{
	"class_name" : "PinholeCameraParameters",
	"extrinsic" : 
	[
		0.93921354504695365,
		-0.20701966080445286,
		-0.27389920927367295,
		0.0,
		0.13279524831990272,
		-0.51663384511026234,
		0.84584566683895768,
		0.0,
		-0.31661228470163527,
		-0.83080222082454436,
		-0.45773827789361893,
		0.0,
		-111206601.05063939,
		259230921.88960594,
		-392900972.92157328,
		1.0
	],
	"intrinsic" : 
	{
		"height" : 1055,
		"intrinsic_matrix" : 
		[
			913.65680099258282,
			0.0,
			0.0,
			0.0,
			913.65680099258282,
			0.0,
			959.5,
			527.0,
			1.0
		],
		"width" : 1920
	},
	"version_major" : 1,
	"version_minor" : 0
}