{
	"class_name" : "PinholeCameraParameters",
	"extrinsic" : 
	[
		0.98000328894790512,
		0.16994633889895752,
		-0.1034978045473887,
		0.0,
		0.14636262920053669,
		-0.26329298871775675,
		0.95354852150563241,
		0.0,
		0.13480183390738784,
		-0.94962889803697115,
		-0.28290178788458209,
		0.0,
		-119900890.76398617,
		118341211.28358229,
		-453344441.74776334,
		1.0
	],
	"intrinsic" : 
	{
		"height" : 1055,
		"intrinsic_matrix" : 
		[
			913.65680099258282,
			0.0,
			0.0,
			0.0,
			913.65680099258282,
			0.0,
			959.5,
			527.0,
			1.0
		],
		"width" : 1920
	},
	"version_major" : 1,
	"version_minor" : 0
}